{"nodes":[{"name":"Box","position":[0,4.245700973366448,0],"rotation":[0,0,0,"XYZ"],"scale":[1,1,1],"scene":"main","type":"Box"},{"name":"DirectionalLight","position":[2.3443115362954874,0,0.4895091354721197],"rotation":[0,0,0,"XYZ"],"scale":[1,1,1],"scene":"main","type":"DirectionalLight"},{"name":"hero (2).glb","position":[8.204707158874204,3.841189306330322,-4.576546806334353],"rotation":[0,0,0,"XYZ"],"scale":[0.05,0.05,0.05],"blob":{},"animation":"Idle","scene":"main","gameType":"hero","statusToAnimation":{"Running":"run","Jumping":"jump","Walking":"walk","Idle":"idle"},"type":"GLTF"},{"name":"cac-1681739161871.glb","position":[-0.5590066756063372,4.746374493829097,10.465494814361534],"rotation":[-180,43.88629786087248,-180,"XYZ"],"scale":[0.5,0.5,0.5],"blob":{},"animation":"Idle(1)","scene":"main","gameType":"npc","statusToAnimation":{"Idle(1)":"idle","SittingLaughing":"interact"},"type":"GLTF"}],"scenes":[{"uuid":"main","name":"Main","type":"color","color":"#000000"}],"bucket":[{"uuid":"efcf7d94-c80b-4d7f-a6aa-64f83d8d2919","blob":{},"name":"R0010291_1.jpg","url":"blob:https://www.vxlverse.com/b12e4f89-b3df-419a-b468-b6e6c4d8fdd1"}]}